{"learner":{"attributes":{"best_iteration":"9","best_ntree_limit":"10"},"feature_names":["x","y"],"feature_types":["float","float"],"gradient_booster":{"model":{"gbtree_model_param":{"num_parallel_tree":"1","num_trees":"30","size_leaf_vector":"0"},"tree_info":[0,1,2,0,1,2,0,1,2,0,1,2,0,1,2,0,1,2,0,1,2,0,1,2,0,1,2,0,1,2],"trees":[{"base_weights":[0.25983843,-0.9999394,0.70211273,0.9999643,0.26314405],"categories":[],"categories_nodes":[],"categories_segments":[],"categories_sizes":[],"default_left":[1,0,1,0,0],"id":0,"left_children":[1,-1,3,-1,-1],"loss_changes":[35381.383,0.0,6145.002,0.0,0.0],"parents":[2147483647,0,0,2,2],"right_children":[2,-1,4,-1,-1],"split_conditions":[-1.5187774,-0.09999394,0.037255257,0.09999643,0.026314406],"split_indices":[1,0,1,0,0],"split_type":[0,0,0,0,0],"sum_hessian":[63500.0,16500.0,47000.0,28000.0,19000.0],"tree_param":{"num_deleted":"0","num_feature":"2","num_nodes":"5","size_leaf_vector":"0"}},{"base_weights":[-0.25983843,0.9999394,-0.70211273,-0.9999643,-0.26314405],"categories":[],"categories_nodes":[],"categories_segments":[],"categories_sizes":[],"default_left":[1,0,1,0,0],"id":1,"left_children":[1,-1,3,-1,-1],"loss_changes":[35381.383,0.0,6145.002,0.0,0.0],"parents":[2147483647,0,0,2,2],"right_children":[2,-1,4,-1,-1],"split_conditions":[-1.5187774,0.09999394,0.037255257,-0.09999643,-0.026314406],"split_indices":[1,0,1,0,0],"split_type":[0,0,0,0,0],"sum_hessian":[63500.0,16500.0,47000.0,28000.0,19000.0],"tree_param":{"num_deleted":"0","num_feature":"2","num_nodes":"5","size_leaf_vector":"0"}},{"base_weights":[-0.28970022,-0.74997922,1.4998384],"categories":[],"categories_nodes":[],"categories_segments":[],"categories_sizes":[],"default_left":[1,0,0],"id":2,"left_children":[1,-1,-1],"loss_changes":[37371.71466926,0.0,0.0],"parents":[2147483647,0,0],"right_children":[2,-1,-1],"split_conditions":[1.49899268,-0.07499792,0.14998384],"split_indices":[0,0,0],"split_type":[0,0,0],"sum_hessian":[45368.88888895,36087.55555556,9281.33333333],"tree_param":{"num_deleted":"0","num_feature":"2","num_nodes":"3","size_leaf_vector":"0"}},{"base_weights":[0.23560572,-0.90931475,0.63604605,0.9093355,0.23700115],"categories":[],"categories_nodes":[],"categories_segments":[],"categories_sizes":[],"default_left":[1,0,1,0,0],"id":3,"left_children":[1,-1,3,-1,-1],"loss_changes":[28905.354,0.0,5093.701,0.0,0.0],"parents":[2147483647,0,0,2,2],"right_children":[2,-1,4,-1,-1],"split_conditions":[-1.5187774,-0.090931475,0.037255257,0.090933554,0.023700116],"split_indices":[1,0,1,0,0],"split_type":[0,0,0,0,0],"sum_hessian":[63044.84,16336.113,46708.727,27721.877,18986.85],"tree_param":{"num_deleted":"0","num_feature":"2","num_nodes":"5","size_leaf_vector":"0"}},{"base_weights":[-0.23560572,0.90931463,-0.63604605,-0.9093355,-0.23700115],"categories":[],"categories_nodes":[],"categories_segments":[],"categories_sizes":[],"default_left":[1,0,1,0,0],"id":4,"left_children":[1,-1,3,-1,-1],"loss_changes":[28905.346,0.0,5093.703,0.0,0.0],"parents":[2147483647,0,0,2,2],"right_children":[2,-1,4,-1,-1],"split_conditions":[-1.5187774,0.09093147,0.037255257,-0.090933554,-0.023700116],"split_indices":[1,0,1,0,0],"split_type":[0,0,0,0,0],"sum_hessian":[63044.836,16336.113,46708.723,27721.875,18986.85],"tree_param":{"num_deleted":"0","num_feature":"2","num_nodes":"5","size_leaf_vector":"0"}},{"base_weights":[-0.27793162,-0.73108267,1.36087958],"categories":[],"categories_nodes":[],"categories_segments":[],"categories_sizes":[],"default_left":[1,0,0],"id":5,"left_children":[1,-1,-1],"loss_changes":[33281.4317265,0.0,0.0],"parents":[2147483647,0,0],"right_children":[2,-1,-1],"split_conditions":[1.49899268,-0.07310827,0.13608796],"split_indices":[0,0,0],"split_type":[0,0,0],"sum_hessian":[44813.35006017,35106.52633861,9706.82372154],"tree_param":{"num_deleted":"0","num_feature":"2","num_nodes":"3","size_leaf_vector":"0"}},{"base_weights":[0.21627684,-0.84124553,0.5824668,0.8412642,0.21370745],"categories":[],"categories_nodes":[],"categories_segments":[],"categories_sizes":[],"default_left":[1,0,1,0,0],"id":6,"left_children":[1,-1,3,-1,-1],"loss_changes":[23959.893,0.0,4385.6914,0.0,0.0],"parents":[2147483647,0,0,2,2],"right_children":[2,-1,4,-1,-1],"split_conditions":[-1.5187774,-0.08412456,0.037255257,0.08412642,0.021370744],"split_indices":[1,0,1,0,0],"split_type":[0,0,0,0,0],"sum_hessian":[61868.992,15912.8545,45956.137,27003.586,18952.55],"tree_param":{"num_deleted":"0","num_feature":"2","num_nodes":"5","size_leaf_vector":"0"}},{"base_weights":[-0.21627684,0.84124565,-0.58246684,-0.8412642,-0.21370754],"categories":[],"categories_nodes":[],"categories_segments":[],"categories_sizes":[],"default_left":[1,0,1,0,0],"id":7,"left_children":[1,-1,3,-1,-1],"loss_changes":[23959.898,0.0,4385.6895,0.0,0.0],"parents":[2147483647,0,0,2,2],"right_children":[2,-1,4,-1,-1],"split_conditions":[-1.5187774,0.084124565,0.037255257,-0.08412642,-0.021370754],"split_indices":[1,0,1,0,0],"split_type":[0,0,0,0,0],"sum_hessian":[61868.99,15912.854,45956.133,27003.582,18952.55],"tree_param":{"num_deleted":"0","num_feature":"2","num_nodes":"5","size_leaf_vector":"0"}},{"base_weights":[-0.26565377,-0.71277601,1.25202343],"categories":[],"categories_nodes":[],"categories_segments":[],"categories_sizes":[],"default_left":[1,0,0],"id":8,"left_children":[1,-1,-1],"loss_changes":[29876.04138096,0.0,0.0],"parents":[2147483647,0,0],"right_children":[2,-1,-1],"split_conditions":[1.49899268,-0.0712776,0.12520234],"split_indices":[0,0,0],"split_type":[0,0,0],"sum_hessian":[44024.51028709,34006.42285892,10018.08742815],"tree_param":{"num_deleted":"0","num_feature":"2","num_nodes":"3","size_leaf_vector":"0"}},{"base_weights":[0.20033266,-0.7883946,0.5376183,0.78841203,0.19286296],"categories":[],"categories_nodes":[],"categories_segments":[],"categories_sizes":[],"default_left":[1,0,1,0,0],"id":9,"left_children":[1,-1,3,-1,-1],"loss_changes":[20076.355,0.0,3881.0244,0.0,0.0],"parents":[2147483647,0,0,2,2],"right_children":[2,-1,4,-1,-1],"split_conditions":[-1.5187774,-0.07883946,0.037255257,0.0788412,0.019286295],"split_indices":[1,0,1,0,0],"split_type":[0,0,0,0,0],"sum_hessian":[60199.668,15312.094,44887.574,25984.07,18903.506],"tree_param":{"num_deleted":"0","num_feature":"2","num_nodes":"5","size_leaf_vector":"0"}},{"base_weights":[-0.20033263,0.7883946,-0.5376183,-0.788412,-0.19286296],"categories":[],"categories_nodes":[],"categories_segments":[],"categories_sizes":[],"default_left":[1,0,1,0,0],"id":10,"left_children":[1,-1,3,-1,-1],"loss_changes":[20076.355,0.0,3881.0234,0.0,0.0],"parents":[2147483647,0,0,2,2],"right_children":[2,-1,4,-1,-1],"split_conditions":[-1.5187774,0.07883946,0.037255257,-0.0788412,-0.019286295],"split_indices":[1,0,1,0,0],"split_type":[0,0,0,0,0],"sum_hessian":[60199.668,15312.094,44887.574,25984.07,18903.506],"tree_param":{"num_deleted":"0","num_feature":"2","num_nodes":"5","size_leaf_vector":"0"}},{"base_weights":[-0.25326291,-0.69544234,1.16438097],"categories":[],"categories_nodes":[],"categories_segments":[],"categories_sizes":[],"default_left":[1,0,0],"id":11,"left_children":[1,-1,-1],"loss_changes":[26982.84955938,0.0,0.0],"parents":[2147483647,0,0],"right_children":[2,-1,-1],"split_conditions":[1.49899268,-0.06954423,0.1164381],"split_indices":[0,0,0],"split_type":[0,0,0],"sum_hessian":[43042.65058164,32809.49983045,10233.15075116],"tree_param":{"num_deleted":"0","num_feature":"2","num_nodes":"3","size_leaf_vector":"0"}},{"base_weights":[0.1868136,-0.74631757,0.49909908,0.7463345,0.17414883],"categories":[],"categories_nodes":[],"categories_segments":[],"categories_sizes":[],"default_left":[1,0,1,0,0],"id":12,"left_children":[1,-1,3,-1,-1],"loss_changes":[16962.012,0.0,3503.6338,0.0,0.0],"parents":[2147483647,0,0,2,2],"right_children":[2,-1,4,-1,-1],"split_conditions":[-1.5187774,-0.07463176,0.037255257,0.07463345,0.017414883],"split_indices":[1,0,1,0,0],"split_type":[0,0,0,0,0],"sum_hessian":[58205.742,14594.613,43611.13,24766.48,18844.648],